asset,signal,direction,entry_time,exit_time,entry_price,exit_price,pnl_pct,net_pnl_pct,exit_reason,enter_confidence,regime,position_size_r,hours_held,fee_pct,funding_pct,btc_entry_1h_rsi,btc_exit_1h_rsi,entry_source,funding_rate_1h,btc_entry_4h_rsi,btc_exit_4h_rsi,fear_greed_entry,fear_greed_exit,market_regime_entry
ADA_USDT,rsi_oversold,long,2026-05-24T07:17:05.005697+00:00,2026-05-24T12:18:15.576962+00:00,0.241737,0.238991,-1.1359,,stop_loss,0.6817,range_bound,0.24,,,,72.17569916258492,69.3054207680576,yfinance,,,,25,25,Extreme Fear
ADA_USDT,rsi_oversold_half,long,2026-05-24T13:44:04.028014+00:00,2026-05-24T14:13:27.440675+00:00,0.240426,0.238,-1.009,,stop_loss,0.5893,range_bound,0.125,,,,56.270705158542334,40.244571177890236,yfinance,,,,25,25,Extreme Fear
ADA_USDT,rsi_oversold,long,2026-05-26T00:00:45.013475+00:00,2026-05-26T00:21:54.277901+00:00,0.245827,0.249296,1.4112,0.5447,scale_out_tp1,0.6287,range_bound,0.4,0.35,0.0201,0.0004,44.221606648199376,40.388604968881474,ccxt_kraken,-2.7e-05,,,34,34,Fear
ADA_USDT,rsi_oversold,long,2026-05-26T00:00:45.013475+00:00,2026-05-26T00:24:06.005197+00:00,0.245827,0.249547,1.5133,0.2928,tp2,0.6287,range_bound,0.2,0.39,0.0101,0.0002,44.221606648199376,39.719347133758134,ccxt_kraken,-2.8e-05,,,34,34,Fear
ADA_USDT,rsi_oversold,long,2026-05-26T00:00:45.013475+00:00,2026-05-26T00:30:41.255522+00:00,0.245827,0.249829,1.628,0.3158,chandelier_exit,0.6287,range_bound,0.2,0.5,0.0101,0.0002,44.221606648199376,40.59607364459368,ccxt_kraken,-2.4e-05,,,34,34,Fear
AVAX_USDT,rsi_oversold,long,2026-05-24T06:15:30.320090+00:00,2026-05-24T06:15:30.320224+00:00,9.45803,9.45803,0.0,,scale_out_tp1,0.7465,range_bound,0.2,,,,73.16088667630947,73.16088667630947,yfinance,,,,25,25,Extreme Fear
AVAX_USDT,rsi_oversold,long,2026-05-24T06:15:30.320090+00:00,2026-05-24T06:26:18.060230+00:00,9.45803,9.48088,0.2416,,chandelier_exit,0.7465,range_bound,0.2,,,,73.16088667630947,72.55320568416832,yfinance,,,,25,25,Extreme Fear
AVAX_USDT,rsi_oversold,long,2026-05-24T10:05:52.671029+00:00,2026-05-24T10:05:52.671130+00:00,9.541134,9.541134,0.0,,scale_out_tp1,0.6094,range_bound,0.12,,,,40.83595762954498,40.83595762954498,yfinance,,,,25,25,Extreme Fear
AVAX_USDT,rsi_oversold,long,2026-05-24T10:05:52.671029+00:00,2026-05-24T10:12:22.079493+00:00,9.541134,9.549625,0.089,,chandelier_exit,0.6094,range_bound,0.12,,,,40.83595762954498,40.915610119901366,yfinance,,,,25,25,Extreme Fear
AVAX_USDT,rsi_oversold,long,2026-05-24T10:51:23.404670+00:00,2026-05-24T10:51:23.404768+00:00,9.560114,9.560114,0.0,,scale_out_tp1,0.7373,range_bound,0.12,,,,46.38684552141954,46.38684552141954,yfinance,,,,25,25,Extreme Fear
AVAX_USDT,rsi_oversold,long,2026-05-24T10:51:23.404670+00:00,2026-05-24T10:54:38.292295+00:00,9.560114,9.541431,-0.1954,,chandelier_exit,0.7373,range_bound,0.12,,,,46.38684552141954,48.061203102075034,yfinance,,,,25,25,Extreme Fear
AVAX_USDT,rsi_oversold,long,2026-05-24T12:10:40.819068+00:00,2026-05-24T12:10:40.819165+00:00,9.588081,9.588081,0.0,,scale_out_tp1,0.7383,range_bound,0.12,,,,74.74022576063349,74.74022576063349,yfinance,,,,25,25,Extreme Fear
AVAX_USDT,rsi_oversold,long,2026-05-24T12:10:40.819068+00:00,2026-05-24T12:13:55.757715+00:00,9.588081,9.5996,0.1201,,chandelier_exit,0.7383,range_bound,0.12,,,,74.74022576063349,70.97827630271182,yfinance,,,,25,25,Extreme Fear
AVAX_USDT,rsi_oversold,long,2026-05-24T13:57:07.261019+00:00,2026-05-24T13:57:07.261112+00:00,9.46993,9.46993,0.0,,scale_out_tp1,0.6507,range_bound,0.12,,,,49.071399092034675,49.071399092034675,yfinance,,,,25,25,Extreme Fear
AVAX_USDT,rsi_oversold,long,2026-05-24T13:57:07.261019+00:00,2026-05-24T14:12:22.448489+00:00,9.46993,9.511365,0.4375,,chandelier_exit,0.6507,range_bound,0.12,,,,49.071399092034675,42.930681485814716,yfinance,,,,25,25,Extreme Fear
AVAX_USDT,rsi_oversold,long,2026-05-25T21:43:19.444826+00:00,2026-05-25T22:28:50.676253+00:00,9.168107,9.114917,-0.5802,-0.5048,time_exit,0.6604,range_bound,0.8,0.76,0.0399,-0.0008,47.866766467066064,44.847640394983806,yfinance,1.3e-05,,,30,30,Fear
BNB_USDT,rsi_oversold,long,2026-05-24T04:16:29.337702+00:00,2026-05-24T04:16:29.337794+00:00,669.003221,669.003221,0.0,,scale_out_tp1,,range_bound,0.25,,,,70.19710738512751,70.19710738512751,yfinance,,,,25,25,Extreme Fear
BNB_USDT,rsi_oversold,long,2026-05-24T04:16:29.337702+00:00,2026-05-24T04:21:53.213344+00:00,669.003221,671.255329,0.3366,,chandelier_exit,,range_bound,0.25,,,,70.19710738512751,69.9954899813158,yfinance,,,,25,25,Extreme Fear
BNB_USDT,rsi_oversold_half,long,2026-05-24T05:24:25.180456+00:00,2026-05-24T05:24:25.180559+00:00,654.829625,654.829625,0.0,,scale_out_tp1,0.638,range_bound,0.125,,,,70.13531666721299,70.13531666721299,yfinance,,,,25,25,Extreme Fear
BNB_USDT,rsi_oversold_half,long,2026-05-24T05:24:25.180456+00:00,2026-05-24T05:28:44.092972+00:00,654.829625,654.815266,-0.0022,,chandelier_exit,0.638,range_bound,0.125,,,,70.13531666721299,69.66284821661057,yfinance,,,,25,25,Extreme Fear
BNB_USDT,rsi_oversold,long,2026-05-24T05:43:59.647159+00:00,2026-05-24T06:08:55.117537+00:00,652.987348,654.75246,0.2703,,scale_out_tp1,0.638,range_bound,0.25,,,,68.59578286227031,73.40315187205157,yfinance,,,,25,25,Extreme Fear
BNB_USDT,rsi_oversold,long,2026-05-24T05:43:59.647159+00:00,2026-05-24T06:08:55.117877+00:00,652.987348,654.75246,0.2703,,chandelier_exit,0.638,range_bound,0.25,,,,68.59578286227031,73.40315187205157,yfinance,,,,25,25,Extreme Fear
BNB_USDT,rsi_oversold,long,2026-05-24T07:05:09.859101+00:00,2026-05-24T07:13:49.222356+00:00,661.017427,659.295898,-0.2604,,scale_out_tp1,0.638,range_bound,0.12,,,,73.51852447935114,72.3700887198986,yfinance,,,,25,25,Extreme Fear
BNB_USDT,rsi_oversold,long,2026-05-24T07:05:09.859101+00:00,2026-05-24T07:13:49.222724+00:00,661.017427,659.295898,-0.2604,,chandelier_exit,0.638,range_bound,0.12,,,,73.51852447935114,72.3700887198986,yfinance,,,,25,25,Extreme Fear
BNB_USDT,rsi_oversold,long,2026-05-24T12:01:48.189655+00:00,2026-05-24T12:01:48.189756+00:00,665.614763,665.614763,0.0,,scale_out_tp1,0.6708,range_bound,0.12,,,,76.8544853562915,76.8544853562915,yfinance,,,,25,25,Extreme Fear
BNB_USDT,rsi_oversold,long,2026-05-24T12:01:48.189655+00:00,2026-05-24T12:06:19.112276+00:00,665.614763,667.618338,0.301,,chandelier_exit,0.6708,range_bound,0.12,,,,76.8544853562915,75.3372014166226,yfinance,,,,25,25,Extreme Fear
BNB_USDT,rsi_oversold_half,long,2026-05-24T12:46:27.184171+00:00,2026-05-24T13:15:47.866414+00:00,659.334915,659.646991,0.0473,,scale_out_tp1,0.5655,range_bound,0.06,,,,67.93965751562916,61.18053513672431,yfinance,,,,25,25,Extreme Fear
BNB_USDT,rsi_oversold_half,long,2026-05-24T12:46:27.184171+00:00,2026-05-24T13:15:47.866753+00:00,659.334915,659.646991,0.0473,,chandelier_exit,0.5655,range_bound,0.06,,,,67.93965751562916,61.18053513672431,yfinance,,,,25,25,Extreme Fear
BNB_USDT,rsi_oversold_half,long,2026-05-24T14:31:55.864822+00:00,2026-05-24T14:31:55.864927+00:00,660.054183,660.054183,0.0,,scale_out_tp1,0.561,range_bound,0.06,,,,40.19167579408559,40.19167579408559,yfinance,,,,25,25,Extreme Fear
BNB_USDT,rsi_oversold_half,long,2026-05-24T14:31:55.864822+00:00,2026-05-24T14:34:06.729988+00:00,660.054183,657.813115,-0.3395,,chandelier_exit,0.561,range_bound,0.06,,,,40.19167579408559,40.19167579408559,yfinance,,,,25,25,Extreme Fear
BNB_USDT,rsi_oversold_half,long,2026-05-24T15:13:17.019049+00:00,2026-05-24T15:17:38.287772+00:00,656.455102,656.992411,0.0819,,scale_out_tp1,0.5627,range_bound,0.0625,,,,40.95950750942004,39.95898321550031,yfinance,,,,25,25,Extreme Fear
BNB_USDT,rsi_oversold_half,long,2026-05-24T15:13:17.019049+00:00,2026-05-24T15:26:20.304928+00:00,656.455102,658.782301,0.3545,,chandelier_exit,0.5627,range_bound,0.0625,,,,40.95950750942004,39.67670433043219,yfinance,,,,25,25,Extreme Fear
BTC_USDT,rsi_oversold,long,2026-05-24T04:28:55.968517+00:00,2026-05-24T04:34:20.206630+00:00,76448.490023,75683.521934,-1.0006,,stop_loss,,range_bound,0.5,,,,69.55811217152579,69.33157721435632,yfinance,,,,25,25,Extreme Fear
DOGE_USDT,rsi_oversold_half,long,2026-05-24T05:09:52.901577+00:00,2026-05-24T05:10:57.739709+00:00,0.102908,0.103056,0.1438,,scale_out_tp1,,range_bound,0.06,,,,70.58862324814514,70.13761467889913,yfinance,,,,25,25,Extreme Fear
DOGE_USDT,rsi_oversold,long,2026-05-24T06:23:03.103870+00:00,2026-05-24T07:11:40.515047+00:00,0.101734,0.103225,1.4656,,scale_out_tp1,0.654,range_bound,0.12,,,,72.55320568416832,72.28534354527335,yfinance,,,,25,25,Extreme Fear
DOGE_USDT,rsi_oversold,long,2026-05-24T06:23:03.103870+00:00,2026-05-24T07:13:50.106367+00:00,0.101734,0.10295,1.1953,,chandelier_exit,0.654,range_bound,0.12,,,,72.55320568416832,72.3700887198986,yfinance,,,,25,25,Extreme Fear
DOGE_USDT,rsi_oversold,long,2026-05-24T10:41:37.424463+00:00,2026-05-24T10:43:48.067649+00:00,0.103027,0.103033,0.0058,,scale_out_tp1,0.7005,range_bound,0.12,,,,48.21316614420078,47.42481302710467,yfinance,,,,25,25,Extreme Fear
DOGE_USDT,rsi_oversold,long,2026-05-24T10:41:37.424463+00:00,2026-05-24T10:51:22.808561+00:00,0.103027,0.103014,-0.0126,,chandelier_exit,0.7005,range_bound,0.12,,,,48.21316614420078,46.38684552141954,yfinance,,,,25,25,Extreme Fear
DOGE_USDT,rsi_oversold_half,long,2026-05-24T12:20:25.363911+00:00,2026-05-24T12:25:51.187254+00:00,0.102951,0.102886,-0.0631,,scale_out_tp1,0.5518,range_bound,0.06,,,,67.11868958109554,66.30852898262376,yfinance,,,,25,25,Extreme Fear
DOGE_USDT,rsi_oversold_half,long,2026-05-24T12:20:25.363911+00:00,2026-05-24T12:45:22.791061+00:00,0.102951,0.103458,0.4925,,chandelier_exit,0.5518,range_bound,0.06,,,,67.11868958109554,67.93965751562916,yfinance,,,,25,25,Extreme Fear
DOGE_USDT,rsi_oversold,long,2026-05-24T13:25:35.939733+00:00,2026-05-24T13:29:56.378251+00:00,0.103679,0.103354,-0.3135,,scale_out_tp1,0.7201,range_bound,0.12,,,,61.49697059258146,56.75030683212871,yfinance,,,,25,25,Extreme Fear
DOGE_USDT,rsi_oversold,long,2026-05-24T13:25:35.939733+00:00,2026-05-24T13:29:56.378620+00:00,0.103679,0.103354,-0.3135,,chandelier_exit,0.7201,range_bound,0.12,,,,61.49697059258146,56.75030683212871,yfinance,,,,25,25,Extreme Fear
DOGE_USDT,rsi_oversold,long,2026-05-24T14:54:46.940736+00:00,2026-05-24T14:59:08.147690+00:00,0.102445,0.102274,-0.1669,,scale_out_tp1,0.663,range_bound,0.12,,,,39.734704926908655,39.66812604724104,yfinance,,,,25,25,Extreme Fear
DOGE_USDT,rsi_oversold,long,2026-05-24T14:54:46.940736+00:00,2026-05-24T15:05:41.095665+00:00,0.102445,0.102012,-0.4227,,chandelier_exit,0.663,range_bound,0.12,,,,39.734704926908655,41.462772954485665,yfinance,,,,25,25,Extreme Fear
DOT_USDT,rsi_oversold,long,2026-05-24T05:03:06.456291+00:00,2026-05-24T05:03:06.456385+00:00,1.299853,1.299853,0.0,,scale_out_tp1,,range_bound,0.1164,,,,70.770654940986,70.770654940986,yfinance,,,,25,25,Extreme Fear
DOT_USDT,rsi_oversold_half,long,2026-05-24T05:07:44.434965+00:00,2026-05-24T05:08:49.210961+00:00,1.278465,1.280396,0.151,,scale_out_tp1,,range_bound,0.1,,,,70.15140591204056,70.15370497820632,yfinance,,,,25,25,Extreme Fear
DOT_USDT,rsi_oversold_half,long,2026-05-24T05:07:44.434965+00:00,2026-05-24T05:10:58.877417+00:00,1.278465,1.276643,-0.1425,,chandelier_exit,,range_bound,0.1,,,,70.15140591204056,70.13761467889913,yfinance,,,,25,25,Extreme Fear
DOT_USDT,rsi_oversold_half,long,2026-05-24T05:23:25.799261+00:00,2026-05-24T05:23:25.799364+00:00,1.278539,1.278539,0.0,,scale_out_tp1,0.638,range_bound,0.06,,,,70.13761467889913,70.13761467889913,yfinance,,,,25,25,Extreme Fear
DOT_USDT,rsi_oversold_half,long,2026-05-24T05:35:09.259488+00:00,2026-05-24T05:36:13.959631+00:00,1.27482,1.275377,0.0437,,scale_out_tp1,0.638,range_bound,0.125,,,,70.02518891687676,70.02518891687676,yfinance,,,,25,25,Extreme Fear
DOT_USDT,rsi_oversold_half,long,2026-05-24T05:35:09.259488+00:00,2026-05-24T05:38:23.669709+00:00,1.27482,1.273441,-0.1082,,chandelier_exit,0.638,range_bound,0.125,,,,70.02518891687676,70.02518891687676,yfinance,,,,25,25,Extreme Fear
DOT_USDT,rsi_oversold,long,2026-05-24T06:21:59.522776+00:00,2026-05-24T06:32:47.564119+00:00,1.267652,1.254791,-1.0146,,stop_loss,0.6039,range_bound,0.4,,,,73.01352848366861,71.27642143208259,yfinance,,,,25,25,Extreme Fear
DOT_USDT,rsi_oversold,long,2026-05-24T07:20:20.287085+00:00,2026-05-24T13:15:50.210965+00:00,1.255425,1.274142,1.4909,,scale_out_tp1,0.7103,range_bound,0.12,,,,72.17341844150906,61.18053513672431,yfinance,,,,25,25,Extreme Fear
DOT_USDT,rsi_oversold,long,2026-05-24T07:20:20.287085+00:00,2026-05-24T13:15:50.211355+00:00,1.255425,1.274142,1.4909,,chandelier_exit,0.7103,range_bound,0.12,,,,72.17341844150906,61.18053513672431,yfinance,,,,25,25,Extreme Fear
ETH_USDT,rsi_oversold,long,2026-05-24T04:28:56.250659+00:00,2026-05-24T04:28:56.250755+00:00,2122.425181,2122.425181,0.0,,scale_out_tp1,,range_bound,0.2,,,,69.55811217152579,69.55811217152579,yfinance,,,,25,25,Extreme Fear
ETH_USDT,rsi_oversold,long,2026-05-24T04:28:56.250659+00:00,2026-05-24T04:34:20.482748+00:00,2122.425181,2120.449679,-0.0931,,chandelier_exit,,range_bound,0.2,,,,69.55811217152579,69.33157721435632,yfinance,,,,25,25,Extreme Fear
ETH_USDT,rsi_oversold,long,2026-05-24T05:45:04.216748+00:00,2026-05-24T05:45:04.216852+00:00,2120.0197,2120.0197,0.0,,scale_out_tp1,0.638,range_bound,0.2,,,,68.59578286227031,68.59578286227031,yfinance,,,,25,25,Extreme Fear
ETH_USDT,rsi_oversold,long,2026-05-24T05:45:04.216748+00:00,2026-05-24T06:16:33.310333+00:00,2120.0197,2161.121274,1.9387,,chandelier_exit,0.638,range_bound,0.2,,,,68.59578286227031,73.16088667630947,yfinance,,,,25,25,Extreme Fear
ETH_USDT,rsi_oversold,long,2026-05-24T12:09:33.849499+00:00,2026-05-24T12:09:33.849615+00:00,2175.145146,2175.145146,0.0,,scale_out_tp1,0.7252,range_bound,0.12,,,,74.74022576063349,74.74022576063349,yfinance,,,,25,25,Extreme Fear
ETH_USDT,rsi_oversold,long,2026-05-24T12:09:33.849499+00:00,2026-05-24T12:10:38.929250+00:00,2175.145146,2173.526486,-0.0744,,chandelier_exit,0.7252,range_bound,0.12,,,,74.74022576063349,74.74022576063349,yfinance,,,,25,25,Extreme Fear
ETH_USDT,rsi_oversold_half,long,2026-05-24T15:03:29.197940+00:00,2026-05-24T15:07:50.101903+00:00,2147.818072,2142.265202,-0.2585,,scale_out_tp1,0.553,range_bound,0.06,,,,39.16221985058714,39.26278621870341,yfinance,,,,25,25,Extreme Fear
ETH_USDT,rsi_oversold_half,long,2026-05-24T15:03:29.197940+00:00,2026-05-24T15:07:50.102255+00:00,2147.818072,2142.265202,-0.2585,,chandelier_exit,0.553,range_bound,0.06,,,,39.16221985058714,39.26278621870341,yfinance,,,,25,25,Extreme Fear
LINK_USDT,rsi_oversold,long,2026-05-24T06:26:18.346037+00:00,2026-05-24T10:01:33.381174+00:00,9.414282,9.316473,-1.0389,,stop_loss,0.6518,range_bound,0.24,,,,72.55320568416832,40.83595762954498,yfinance,,,,25,25,Extreme Fear
LINK_USDT,rsi_oversold,long,2026-05-24T12:13:56.060115+00:00,2026-05-24T14:12:22.770428+00:00,9.380013,9.283653,-1.0273,,stop_loss,0.6267,range_bound,0.24,,,,70.97827630271182,42.930681485814716,yfinance,,,,25,25,Extreme Fear
LINK_USDT,rsi_oversold,long,2026-05-26T00:24:06.740062+00:00,2026-05-26T00:29:35.962291+00:00,9.576272,9.608663,0.3382,0.0384,scale_out_tp1,0.644,range_bound,0.13335,0.09,0.0067,-0.0,39.719347133758134,40.59607364459368,yfinance,1.3e-05,,,34,34,Fear
LINK_USDT,rsi_oversold,long,2026-05-26T00:24:06.740062+00:00,2026-05-26T00:45:00.121913+00:00,9.576272,9.606604,0.3167,0.0355,chandelier_exit,0.644,range_bound,0.13335,0.35,0.0067,-0.0001,39.719347133758134,35.091884287347426,yfinance,1.3e-05,,,34,34,Fear
SOL_USDT,rsi_oversold,long,2026-05-22T22:03:19.317163+00:00,2026-05-22T22:28:35.321278+00:00,84.54312,83.577321,-1.1424,,stop_loss,,range_bound,0.5,,,,,,ccxt_kraken,,,,,,
SOL_USDT,rsi_oversold,long,2026-05-22T22:33:51.296479+00:00,2026-05-22T23:25:27.621072+00:00,83.354949,82.391321,-1.1561,,stop_loss,,range_bound,0.5,,,,,,ccxt_kraken,,,,,,
SOL_USDT,rsi_oversold,long,2026-05-22T23:30:43.568143+00:00,2026-05-22T23:49:41.205953+00:00,82.776195,81.783806,-1.1989,,stop_loss,,range_bound,0.5,,,,,,ccxt_kraken,,,,,,
SOL_USDT,rsi_oversold,long,2026-05-24T02:05:03.764726+00:00,2026-05-24T02:07:13.091064+00:00,86.001601,86.039966,0.0446,,scale_out_tp1,,range_bound,0.5,,,,78.1701570680629,77.86352666613624,ccxt_kraken,,,,25,25,Extreme Fear
SOL_USDT,rsi_oversold,long,2026-05-24T02:05:03.764726+00:00,2026-05-24T02:08:17.816315+00:00,86.001601,85.960478,-0.0478,,chandelier_exit,,range_bound,0.5,,,,78.1701570680629,77.86559168302136,ccxt_kraken,,,,25,25,Extreme Fear
SOL_USDT,rsi_oversold,long,2026-05-24T03:34:45.279402+00:00,2026-05-24T03:34:45.279500+00:00,85.978355,85.978355,0.0,,scale_out_tp1,,range_bound,0.25,,,,74.83857591374938,74.83857591374938,yfinance,,,,25,25,Extreme Fear
SOL_USDT,rsi_oversold,long,2026-05-24T04:49:02.797719+00:00,2026-05-24T04:49:02.797817+00:00,86.136668,86.136668,0.0,,scale_out_tp1,,range_bound,0.25,,,,69.47730624283145,69.47730624283145,yfinance,,,,25,25,Extreme Fear
SOL_USDT,rsi_oversold,long,2026-05-24T04:49:02.797719+00:00,2026-05-24T04:51:12.021795+00:00,86.136668,85.976208,-0.1863,,chandelier_exit,,range_bound,0.25,,,,69.47730624283145,69.47730624283145,yfinance,,,,25,25,Extreme Fear
SOL_USDT,rsi_oversold_half,long,2026-05-24T05:28:44.379839+00:00,2026-05-24T05:28:44.379938+00:00,86.037789,86.037789,0.0,,scale_out_tp1,0.638,range_bound,0.059975,,,,69.66284821661057,69.66284821661057,yfinance,,,,25,25,Extreme Fear
SOL_USDT,rsi_oversold_half,long,2026-05-24T05:26:13.229131+00:00,2026-05-24T05:29:27.589065+00:00,85.488981,85.703155,0.2505,,scale_out_tp1,0.638,range_bound,0.06,,,,70.13531666721299,69.52708847602993,yfinance,,,,25,25,Extreme Fear
SOL_USDT,rsi_oversold,long,2026-05-24T10:27:30.031034+00:00,2026-05-24T10:27:30.031132+00:00,88.584767,88.584767,0.0,,scale_out_tp1,0.6463,range_bound,0.12,,,,48.81222887833092,48.81222887833092,yfinance,,,,25,25,Extreme Fear
SOL_USDT,rsi_oversold,long,2026-05-24T10:27:30.031034+00:00,2026-05-24T10:31:50.041646+00:00,88.584767,88.452789,-0.149,,chandelier_exit,0.6463,range_bound,0.12,,,,48.81222887833092,46.2967979628326,yfinance,,,,25,25,Extreme Fear
SOL_USDT,rsi_oversold_half,long,2026-05-24T11:18:27.992667+00:00,2026-05-24T11:29:17.955456+00:00,89.020244,88.851522,-0.1895,,scale_out_tp1,0.5943,range_bound,0.06,,,,65.45787297498781,66.40516843562509,yfinance,,,,25,25,Extreme Fear
SOL_USDT,rsi_oversold_half,long,2026-05-24T11:18:27.992667+00:00,2026-05-24T11:29:17.955798+00:00,89.020244,88.851522,-0.1895,,chandelier_exit,0.5943,range_bound,0.06,,,,65.45787297498781,66.40516843562509,yfinance,,,,25,25,Extreme Fear
SOL_USDT,rsi_oversold,long,2026-05-24T13:15:48.192864+00:00,2026-05-24T13:25:35.289425+00:00,88.374917,88.599544,0.2542,,scale_out_tp1,0.6315,range_bound,0.0625,,,,61.18053513672431,61.49697059258146,yfinance,,,,25,25,Extreme Fear
SOL_USDT,rsi_oversold,long,2026-05-24T13:15:48.192864+00:00,2026-05-24T13:34:16.886081+00:00,88.374917,88.471361,0.1091,,chandelier_exit,0.6315,range_bound,0.0625,,,,61.18053513672431,56.46156977138591,yfinance,,,,25,25,Extreme Fear
SOL_USDT,rsi_oversold_half,long,2026-05-24T14:30:50.846415+00:00,2026-05-24T14:30:50.846540+00:00,87.100356,87.100356,0.0,,scale_out_tp1,0.5598,range_bound,0.125,,,,38.95435244161375,38.95435244161375,yfinance,,,,25,25,Extreme Fear
SOL_USDT,rsi_oversold_half,long,2026-05-24T14:30:50.846415+00:00,2026-05-24T14:59:07.464974+00:00,87.100356,87.497886,0.4564,,chandelier_exit,0.5598,range_bound,0.125,,,,38.95435244161375,39.66812604724104,yfinance,,,,25,25,Extreme Fear
SOL_USDT,rsi_oversold,long,2026-05-24T15:31:47.313803+00:00,2026-05-24T15:41:34.528814+00:00,87.828097,87.359886,-0.5331,,scale_out_tp1,0.6005,range_bound,0.2,,,,39.665982055994164,39.1852207806079,yfinance,,,,25,25,Extreme Fear
SOL_USDT,rsi_oversold,long,2026-05-24T15:31:47.313803+00:00,2026-05-24T15:41:34.529162+00:00,87.828097,87.359886,-0.5331,,chandelier_exit,0.6005,range_bound,0.2,,,,39.665982055994164,39.1852207806079,yfinance,,,,25,25,Extreme Fear
SOL_USDT,rsi_oversold_half,long,2026-05-24T16:49:48.433990+00:00,2026-05-24T16:51:59.114370+00:00,85.515467,85.500895,-0.017,,scale_out_tp1,0.5681,range_bound,0.06,,,,44.49564772145422,44.49564772145422,yfinance,,,,25,25,Extreme Fear
SOL_USDT,rsi_oversold_half,long,2026-05-26T00:24:04.624636+00:00,2026-05-26T00:44:57.981374+00:00,83.097961,82.159313,-1.1296,-0.2359,stop_loss,0.581,range_bound,0.2,0.35,0.0099,-0.0,39.719347133758134,35.091884287347426,yfinance,5e-06,,,34,34,Fear
XRP_USDT,rsi_oversold,long,2026-05-24T02:29:56.916267+00:00,2026-05-24T02:29:56.916368+00:00,1.365308,1.365308,0.0,,scale_out_tp1,,range_bound,0.5,,,,75.63306628197535,75.63306628197535,ccxt_kraken,,,,25,25,Extreme Fear
XRP_USDT,rsi_oversold,long,2026-05-24T03:34:45.553723+00:00,2026-05-24T03:34:45.553815+00:00,1.36035,1.36035,0.0,,scale_out_tp1,,range_bound,0.25,,,,74.83857591374938,74.83857591374938,yfinance,,,,25,25,Extreme Fear
XRP_USDT,rsi_oversold,long,2026-05-24T04:07:52.400845+00:00,2026-05-24T04:07:52.400942+00:00,1.367427,1.367427,0.0,,scale_out_tp1,,range_bound,0.25,,,,69.81266610488119,69.81266610488119,yfinance,,,,25,25,Extreme Fear
XRP_USDT,rsi_oversold,long,2026-05-24T04:07:52.400845+00:00,2026-05-24T04:10:01.849453+00:00,1.367427,1.365892,-0.1123,,chandelier_exit,,range_bound,0.25,,,,69.81266610488119,69.59388874379749,yfinance,,,,25,25,Extreme Fear
XRP_USDT,rsi_oversold,long,2026-05-24T06:33:50.923457+00:00,2026-05-24T06:33:50.923558+00:00,1.391675,1.391675,0.0,,scale_out_tp1,0.6286,range_bound,0.12,,,,71.27642143208259,71.27642143208259,yfinance,,,,25,25,Extreme Fear
XRP_USDT,rsi_oversold,long,2026-05-24T06:33:50.923457+00:00,2026-05-24T06:41:24.143527+00:00,1.391675,1.390346,-0.0955,,chandelier_exit,0.6286,range_bound,0.12,,,,71.27642143208259,71.26707952423095,yfinance,,,,25,25,Extreme Fear
XRP_USDT,rsi_oversold_half,long,2026-05-24T07:15:59.546951+00:00,2026-05-24T07:15:59.547056+00:00,1.397155,1.397155,0.0,,scale_out_tp1,0.5678,range_bound,0.0625,,,,72.18938651664098,72.18938651664098,yfinance,,,,25,25,Extreme Fear
XRP_USDT,rsi_oversold_half,long,2026-05-24T07:15:59.546951+00:00,2026-05-24T07:20:18.848744+00:00,1.397155,1.39718,0.0018,,chandelier_exit,0.5678,range_bound,0.0625,,,,72.18938651664098,72.17341844150906,yfinance,,,,25,25,Extreme Fear
XRP_USDT,rsi_oversold,long,2026-05-24T10:14:31.194639+00:00,2026-05-24T10:24:15.654386+00:00,1.391436,1.389457,-0.1422,,scale_out_tp1,0.6588,range_bound,0.12,,,,40.915610119901366,41.040395902865804,yfinance,,,,25,25,Extreme Fear
XRP_USDT,rsi_oversold,long,2026-05-24T10:14:31.194639+00:00,2026-05-24T10:24:15.654760+00:00,1.391436,1.389457,-0.1422,,chandelier_exit,0.6588,range_bound,0.12,,,,40.915610119901366,41.040395902865804,yfinance,,,,25,25,Extreme Fear
XRP_USDT,rsi_oversold_half,long,2026-05-24T11:02:12.794344+00:00,2026-05-24T11:02:12.794452+00:00,1.39893,1.39893,0.0,,scale_out_tp1,0.5587,range_bound,0.06,,,,65.41567695961956,65.41567695961956,yfinance,,,,25,25,Extreme Fear
XRP_USDT,rsi_oversold_half,long,2026-05-24T11:02:12.794344+00:00,2026-05-24T11:17:23.403854+00:00,1.39893,1.399501,0.0408,,chandelier_exit,0.5587,range_bound,0.06,,,,65.41567695961956,65.45787297498781,yfinance,,,,25,25,Extreme Fear
XRP_USDT,rsi_oversold,long,2026-05-24T11:49:53.507705+00:00,2026-05-24T11:58:33.629410+00:00,1.402952,1.40308,0.0091,,scale_out_tp1,0.7369,range_bound,0.12,,,,65.66269119331557,66.23824036040793,yfinance,,,,25,25,Extreme Fear
XRP_USDT,rsi_oversold,long,2026-05-24T11:49:53.507705+00:00,2026-05-24T11:58:33.629779+00:00,1.402952,1.40308,0.0091,,chandelier_exit,0.7369,range_bound,0.12,,,,65.66269119331557,66.23824036040793,yfinance,,,,25,25,Extreme Fear
XRP_USDT,rsi_oversold_half,long,2026-05-24T13:16:53.757860+00:00,2026-05-24T13:25:35.618522+00:00,1.402551,1.401013,-0.1097,,scale_out_tp1,0.553,range_bound,0.06,,,,62.46622635845073,61.49697059258146,yfinance,,,,25,25,Extreme Fear
XRP_USDT,rsi_oversold_half,long,2026-05-24T13:16:53.757860+00:00,2026-05-24T13:25:35.618879+00:00,1.402551,1.401013,-0.1097,,chandelier_exit,0.553,range_bound,0.06,,,,62.46622635845073,61.49697059258146,yfinance,,,,25,25,Extreme Fear
XRP_USDT,rsi_oversold,long,2026-05-24T14:30:51.176260+00:00,2026-05-24T14:30:51.176369+00:00,1.385202,1.385202,0.0,,scale_out_tp1,0.6078,range_bound,0.125,,,,38.95435244161375,38.95435244161375,yfinance,,,,25,25,Extreme Fear
XRP_USDT,rsi_oversold,long,2026-05-24T14:30:51.176260+00:00,2026-05-24T14:49:20.420488+00:00,1.385202,1.380563,-0.3349,,chandelier_exit,0.6078,range_bound,0.125,,,,38.95435244161375,38.93988433172411,yfinance,,,,25,25,Extreme Fear
XRP_USDT,rsi_oversold,long,2026-05-26T00:02:00.217551+00:00,2026-05-26T00:17:29.565547+00:00,1.341771,1.327865,-1.0364,-0.4346,stop_loss,0.6288,unknown,0.4,0.26,0.0199,-0.0001,44.16288591346694,41.82999685567553,ccxt_kraken,1.3e-05,,,34,34,Fear